{
  "alias" : "Cube_Cube_add",
  "vertices" : [1.0,1.0,-1.0,1.596024,-0.11014,-1.596024,1.0,1.0,1.0,1.596024,-0.11014,1.596024,-1.0,1.0,-1.0,-1.596024,-0.11014,-1.596024,-1.0,1.0,1.0,-1.596024,-0.11014,1.596024],
  "indices" : [4,2,0,2,7,3,6,5,7,1,7,5,0,3,1,4,1,5,4,6,2,2,6,7,6,4,5,1,3,7,0,2,3,4,0,1],
  "Ns" : 225.00000,
  "Ka" : [1.00000,1.00000,1.00000],
  "Kd" : [0.80000,0.04761,0.02761],
  "Ks" : [0.50000,0.50000,0.50000],
  "Ni" : 1.45000,
  "d" : 1.00000,
  "illum" : 2
}